﻿pos_x,pos_y,rotation,side,designator,mpn,pack,footprint,value,mount_type
127.095,-115.825,180.0,top,BOOT1,,,SW_SPST_PTS810,~,smt
126.45,-86.75,-90.0,top,C1,,,C_0201_0603Metric,0.1uF,smt
124.2,-87.375,-90.0,top,C2,,,C_0603_1608Metric,10uF,smt
136.05,-111.25,90.0,top,C3,,,C_0201_0603Metric,0.1uF,smt
127.65,-86.75,-90.0,top,C4,,,C_0201_0603Metric,0.1uF,smt
131.3,-102.4,0.0,top,C5,,,C_0201_0603Metric,0.1uF,smt
140.6,-92.45,90.0,top,C6,,,C_0603_1608Metric,10uF,smt
135.45,-92.425,90.0,top,C8,,,C_0603_1608Metric,10uF,smt
128.85,-97.4125,0.0,top,D1,,,LED_WS2812B_PLCC4_5.0x5.0mm_P3.2mm,WS2812B,smt
137.65,-89.45,180.0,top,D2,,,LED_0201_0603Metric,RED LED,smt
121.31,-71.33,0.0,top,J1,,,PinHeader_1x22_P2.54mm_Vertical,Conn_01x22_Pin,tht
144.15,-71.31,0.0,top,J2,,,PinHeader_1x22_P2.54mm_Vertical,Conn_01x22_Pin,tht
132.675,-128.98,0.0,top,J_USB1,,,USB_C_Receptacle_GCT_USB4105-xx-A_16P_TopMnt_Horizontal,USB_C_Receptacle_USB2.0_16P,smt
137.45,-111.25,90.0,top,R1,,,R_0201_0603Metric,10K,smt
134.425,-123.38,-90.0,top,R2,,,R_0201_0603Metric,5.1K,smt
131.425,-123.38,-90.0,top,R3,,,R_0201_0603Metric,5.1K,smt
126.15,-105.135,-90.0,top,R5,,,R_0201_0603Metric,10K,smt
127.15,-105.13,-90.0,top,R6,,,R_0201_0603Metric,10K,smt
137.325,-91.15,-90.0,top,R7,,,R_0201_0603Metric,5.1k,smt
135.45,-95.35,90.0,top,R8,,,R_0201_0603Metric,1M,smt
135.45,-98.15,90.0,top,R9,,,R_0201_0603Metric,200k,smt
138.125,-115.825,180.0,top,RESET1,,,SW_SPST_PTS810,SW_Push,smt
132.78,-77.69,0.0,top,U1,,None,XCVR_ESP32-S3-MINI-1-N8,ESP32-S3-MINI-1-N8,smt
132.6125,-121.3875,-90.0,top,U2,,,Diodes_UDFN-10_1.0x2.5mm_P0.5mm,D3V3XA4B10LP,smt
138.2125,-93.85,0.0,top,U3,,,WSON-6-1EP_2x2mm_P0.65mm_EP1x1.6mm,TLV75801PDRV,smt
130.2,-105.325,0.0,top,U4,,,AMS_QFN-4-1EP_2x2mm_P0.95mm_EP0.7x1.6mm,ENS210,smt
