﻿Designator,Quantity,Value,Footprint,Package,MPN,DNP,Mount_Type,Description,DigiKey_Part_Number,SnapEDA_Link,MAXIMUM_PACKAGE_HEIGHT,Check_prices,STANDARD,PARTREV,MF,MP,Description_1,MANUFACTURER
BOOT1,1,~,SW_SPST_PTS810,,,,smt,"Push button switch, generic, two pins",,,,,,,,,,
"C1, C3, C4, C5",4,0.1uF,C_0201_0603Metric,,,,smt,Unpolarized capacitor,,,,,,,,,,
"C2, C6, C8",3,10uF,C_0603_1608Metric,,,,smt,Unpolarized capacitor,,,,,,,,,,
D1,1,WS2812B,LED_WS2812B_PLCC4_5.0x5.0mm_P3.2mm,,,,smt,RGB LED with integrated controller,,,,,,,,,,
D2,1,RED LED,LED_0201_0603Metric,,,,smt,Light emitting diode,,,,,,,,,,
"J1, J2",2,Conn_01x22_Pin,PinHeader_1x22_P2.54mm_Vertical,,,,tht,"Generic connector, single row, 01x22, script generated",,,,,,,,,,
J_USB1,1,USB_C_Receptacle_USB2.0_16P,USB_C_Receptacle_GCT_USB4105-xx-A_16P_TopMnt_Horizontal,,,,smt,USB 2.0-only 16P Type-C Receptacle connector,,,,,,,,,,
"R1, R5, R6",3,10K,R_0201_0603Metric,,,,smt,Resistor,,,,,,,,,,
"R2, R3",2,5.1K,R_0201_0603Metric,,,,smt,Resistor,,,,,,,,,,
R7,1,5.1k,R_0201_0603Metric,,,,smt,Resistor,,,,,,,,,,
R8,1,1M,R_0201_0603Metric,,,,smt,Resistor,,,,,,,,,,
R9,1,200k,R_0201_0603Metric,,,,smt,Resistor,,,,,,,,,,
RESET1,1,SW_Push,SW_SPST_PTS810,,,,smt,"Push button switch, generic, two pins",,,,,,,,,,
U1,1,ESP32-S3-MINI-1-N8,XCVR_ESP32-S3-MINI-1-N8,None,,,smt,,1965-ESP32-S3-MINI-1-N8TR-ND,https://www.snapeda.com/parts/ESP32-S3-MINI-1-N8/Espressif+Systems/view-part/?ref=snap,2.55mm,https://www.snapeda.com/parts/ESP32-S3-MINI-1-N8/Espressif+Systems/view-part/?ref=eda,Manufacturer Recommendations,v0.6,Espressif Systems,ESP32-S3-MINI-1-N8,"
                        
                            Bluetooth, WiFi 802.11b/g/n, Bluetooth v5.0 Transceiver Module 2.4GHz PCB Trace Surface Mount
                        
",Espressif
U2,1,D3V3XA4B10LP,Diodes_UDFN-10_1.0x2.5mm_P0.5mm,,,,smt,"4-Channel Low Capacitance TVS Diode Array, DFN-10",,,,,,,,,,
U3,1,TLV75801PDRV,WSON-6-1EP_2x2mm_P0.65mm_EP1x1.6mm,,,,smt,"500mA Low-Dropout Linear Regulator, Adjustable Output, WSON-6",,,,,,,,,,
U4,1,ENS210,AMS_QFN-4-1EP_2x2mm_P0.95mm_EP0.7x1.6mm,,,,smt,Relative Humidity and Temperature Sensor with I2C Interface,,,,,,,,,,
